,variable,MSE,RMSE,MAE
0,gold,327.2121,18.089005,10.691736
1,us_2_year_bond,0.0027434996,0.052378427,0.029395208
2,us_3_month_bond,0.000818274,0.028605489,0.012795468
3,us_5_year_bond,0.0029214446,0.05405039,0.03337783
4,us_10_year_bond,0.0026742213,0.051712874,0.033354543
5,Total,65.44424,8.089761,2.1601305
