,variable,MSE,RMSE,MAE
0,gold,330.40073,18.176928,10.772454
1,us_2_year_bond,0.0027492216,0.05243302,0.029561216
2,us_3_month_bond,0.0008109477,0.028477143,0.012722231
3,us_5_year_bond,0.0029191235,0.054028913,0.033177596
4,us_10_year_bond,0.0026789417,0.051758494,0.033433177
5,Total,66.082016,8.129085,2.1762702
