,variable,MSE,RMSE,MAE
0,gold,328.25397,18.11778,10.684106
1,us_2_year_bond,0.0027576182,0.05251303,0.029700773
2,us_3_month_bond,0.00080557616,0.028382674,0.012696697
3,us_5_year_bond,0.0029218867,0.05405448,0.03340234
4,us_10_year_bond,0.002676035,0.051730406,0.033421155
5,Total,65.65264,8.102632,2.1586633
