,variable,MSE,RMSE,MAE
0,gold,325.09778,18.030468,10.502103
1,oil,2.3064954,1.518715,0.90075463
2,us_dollar,0.14209236,0.3769514,0.23340221
3,usd_vnd,1033.417,32.146805,15.274158
4,cpi,0.051505454,0.22694813,0.036996655
5,inflation_rate,0.0027359135,0.05230596,0.0073692487
6,interest_rate,0.0017477638,0.041806266,0.004402391
7,Total,194.43129,13.943862,3.8513105
