,variable,MSE,RMSE,MAE
0,gold,324.10144,18.002817,10.550669
1,russell2000,594.444,24.381222,15.256923
2,dow_jones,96634.14,310.86032,176.18973
3,msci_world,604.8614,24.59393,14.3053
4,nasdaq100,32133.299,179.25763,105.659355
5,s_p500,1769.7902,42.068874,24.140219
6,Total,22010.135,148.35812,57.6837
