,variable,MSE,RMSE,MAE
0,gold,326.80545,18.07776,10.559266
1,oil,2.300881,1.5168655,0.8950838
2,us_dollar,0.14289315,0.3780121,0.23404671
3,usd_vnd,1055.9705,32.4957,15.373218
4,cpi,0.051223096,0.2263252,0.034374405
5,inflation_rate,0.002735926,0.052306082,0.007385127
6,interest_rate,0.0017497959,0.041830562,0.004838852
7,Total,197.89659,14.067573,3.8726041
