,variable,MSE,RMSE,MAE
0,gold,324.71863,18.01995,10.554728
1,russell2000,593.7545,24.367079,15.238829
2,dow_jones,96245.195,310.2341,174.96118
3,msci_world,606.085,24.618793,14.349315
4,nasdaq100,32149.936,179.30403,105.50081
5,s_p500,1766.6306,42.031303,24.09994
6,Total,21947.709,148.1476,57.45081
