,variable,MSE,RMSE,MAE
0,gold,325.51334,18.041988,10.581847
1,russell2000,592.689,24.345205,15.2416725
2,dow_jones,95633.734,309.24704,174.04881
3,msci_world,605.22565,24.601334,14.32068
4,nasdaq100,32111.24,179.19609,105.880585
5,s_p500,1760.1403,41.954025,23.988798
6,Total,21838.088,147.77716,57.34372
