,variable,MSE,RMSE,MAE
0,gold,327.79495,18.105108,10.588529
1,oil,2.2995703,1.5164335,0.8906112
2,us_dollar,0.1432666,0.37850574,0.23486301
3,usd_vnd,1033.7616,32.152164,15.327411
4,cpi,0.05110612,0.22606663,0.034762718
5,inflation_rate,0.0027332774,0.052280754,0.007315109
6,interest_rate,0.0017488499,0.041819252,0.0045568408
7,Total,194.86508,13.959409,3.869722
