,variable,MSE,RMSE,MAE
0,gold,325.22363,18.033958,10.7896805
1,russell2000,593.2553,24.356833,15.340493
2,dow_jones,95531.49,309.0817,179.63582
3,msci_world,655.1941,25.59676,15.897414
4,nasdaq100,32153.215,179.31317,106.32092
5,s_p500,1758.6921,41.936764,24.672194
6,Total,21836.166,147.77066,58.776062
