,variable,MSE,RMSE,MAE
0,gold,325.99582,18.055355,10.768106
1,russell2000,593.4691,24.361221,15.362246
2,dow_jones,96325.375,310.36328,179.76118
3,msci_world,641.1708,25.32135,15.767334
4,nasdaq100,32200.812,179.44585,106.212906
5,s_p500,1766.6366,42.031376,24.630922
6,Total,21975.58,148.24162,58.750427
