,variable,MSE,RMSE,MAE
0,gold,323.56708,17.98797,10.444041
1,oil,2.2962286,1.5153311,0.8862101
2,us_dollar,0.14262532,0.37765768,0.24139181
3,usd_vnd,992.3431,31.501478,14.837406
4,cpi,0.050914694,0.22564285,0.036297094
5,inflation_rate,0.0027367035,0.05231351,0.0072840657
6,interest_rate,0.0017452158,0.04177578,0.0047256025
7,Total,188.34364,13.723835,3.7796214
