,variable,MSE,RMSE,MAE
0,gold,327.63828,18.10078,10.760676
1,russell2000,593.25336,24.356792,15.411359
2,dow_jones,95143.336,308.45312,178.82257
3,msci_world,638.263,25.263868,15.689512
4,nasdaq100,32142.396,179.283,106.366875
5,s_p500,1754.2826,41.884155,24.651138
6,Total,21766.537,147.53487,58.616978
