,variable,MSE,RMSE,MAE
0,gold,326.90646,18.080555,10.58974
1,us_2_year_bond,0.0027300953,0.052250315,0.029886318
2,us_3_month_bond,0.00084508816,0.0290704,0.015461627
3,us_5_year_bond,0.0029215065,0.054050963,0.034416553
4,us_10_year_bond,0.0026951248,0.05191459,0.034427427
5,Total,65.38311,8.085982,2.140786
