,variable,MSE,RMSE,MAE
0,gold,325.58737,18.04404,10.542859
1,us_2_year_bond,0.0027342644,0.052290194,0.029716423
2,us_3_month_bond,0.0008263153,0.028745702,0.014661833
3,us_5_year_bond,0.0029290984,0.054121144,0.034360502
4,us_10_year_bond,0.0026967248,0.05193,0.03425526
5,Total,65.119255,8.069651,2.1311672
