,variable,MSE,RMSE,MAE
0,gold,328.21536,18.116714,10.608346
1,us_2_year_bond,0.0027367256,0.052313723,0.02984467
2,us_3_month_bond,0.00083860185,0.028958622,0.015055842
3,us_5_year_bond,0.0029358342,0.054183338,0.034452517
4,us_10_year_bond,0.002692744,0.051891655,0.034300543
5,Total,65.64488,8.102153,2.1444004
