,variable,MSE,RMSE,MAE
0,gold,323.49387,17.985935,10.450501
1,oil,2.2969928,1.5155833,0.88678974
2,us_dollar,0.14259912,0.377623,0.24133746
3,usd_vnd,993.6428,31.5221,14.865715
4,cpi,0.050883587,0.22557391,0.036873505
5,inflation_rate,0.002736604,0.05231256,0.0072768885
6,interest_rate,0.0017453199,0.041777026,0.004708076
7,Total,188.51878,13.730214,3.7847435
