,variable,MSE,RMSE,MAE
0,gold,326.23166,18.061884,10.513089
1,oil,2.2980328,1.5159264,0.8873676
2,us_dollar,0.14291082,0.3780355,0.24168383
3,usd_vnd,990.69214,31.475262,14.81598
4,cpi,0.05082731,0.22544913,0.03705475
5,inflation_rate,0.002734241,0.05228997,0.0072875773
6,interest_rate,0.0017437577,0.041758325,0.0046929857
7,Total,188.4886,13.7291155,3.7867374
