gold,oil,us_dollar,usd_vnd,cpi,inflation_rate,interest_rate
2849.0182833362937,69.68388902023968,107.57134042251403,25525.740556362536,319.7738711743405,0.1998147711157799,4.329165213379893
2848.465945431113,69.76678947645813,107.55624275053937,25530.83092300697,319.61511227884387,-0.09996775216422975,4.3300955371927925
2848.504072115293,69.75891120516835,107.55831211216564,25529.842008039635,319.614993287924,-0.10000390734930989,4.329990852269957
2901.099213010394,68.37020354934101,106.66893562873949,25575.03121200703,319.6150009410541,-0.09999928755732981,4.330001472051672
2920.6003943582446,68.2599654992635,105.68700715343844,25539.995567634563,319.6149998305234,-0.10000013633823528,4.329999727810279
2926.0000857684977,66.31000607299394,104.2519973692608,25490.00020574604,319.6150000317828,-0.09999997396770936,4.330000051549917
2926.5999699666695,66.36000036851281,104.02799834988994,25485.001032435655,319.61499999395085,-0.10000000497375368,4.329999990169386
