gold,oil,us_dollar,usd_vnd,cpi,inflation_rate,interest_rate
2848.265032434648,69.77103413794842,107.63380130061948,25527.622618361576,319.7720991280487,0.19280659556388854,4.327713162216824
2846.949970924803,69.38523370269813,107.64392707236148,25527.74196090239,319.6153790708945,-0.09784774910658597,4.329558438156091
2849.42105204446,69.73341308650325,107.58736019707105,25530.93618858353,319.60692827897276,-0.10303725264966487,4.327639527746069
2900.6782278116775,68.09013425581477,106.71947035702895,25577.58577189798,319.6065050780129,-0.09986852091969922,4.329351181586026
2920.42576121097,68.22980025619565,105.7136507417331,25540.93509511445,319.6075377180996,-0.10364561900496483,4.328709860313393
2926.2450422713036,66.32911623243206,104.26080738814603,25489.747875653706,319.6189828339636,-0.09915370726957917,4.329047844690213
2926.7955644545013,66.28441678770747,104.0399429416137,25483.80009795267,319.6213915519619,-0.09707716275006532,4.330099028449077
